<?xml version="1.0" encoding="UTF-8"?>

<mule xmlns:context="http://www.springframework.org/schema/context" xmlns:db="http://www.mulesoft.org/schema/mule/db"
	xmlns:smtp="http://www.mulesoft.org/schema/mule/smtp"
	xmlns:ws="http://www.mulesoft.org/schema/mule/ws"
	xmlns:cluster="http://www.mulesoft.org/schema/mule/ee/cluster" xmlns:http="http://www.mulesoft.org/schema/mule/http" xmlns="http://www.mulesoft.org/schema/mule/core" xmlns:doc="http://www.mulesoft.org/schema/mule/documentation"
	xmlns:spring="http://www.springframework.org/schema/beans" 
	xmlns:xsi="http://www.w3.org/2001/XMLSchema-instance"
	xsi:schemaLocation="http://www.mulesoft.org/schema/mule/db http://www.mulesoft.org/schema/mule/db/current/mule-db.xsd
http://www.mulesoft.org/schema/mule/smtp http://www.mulesoft.org/schema/mule/smtp/current/mule-smtp.xsd
http://www.mulesoft.org/schema/mule/ws http://www.mulesoft.org/schema/mule/ws/current/mule-ws.xsd
http://www.springframework.org/schema/beans http://www.springframework.org/schema/beans/spring-beans-current.xsd
http://www.mulesoft.org/schema/mule/core http://www.mulesoft.org/schema/mule/core/current/mule.xsd
http://www.mulesoft.org/schema/mule/http http://www.mulesoft.org/schema/mule/http/current/mule-http.xsd
http://www.springframework.org/schema/context http://www.springframework.org/schema/context/spring-context-current.xsd">
   
   
       
  <ws:consumer-config name="Web_Service_Consumer" wsdlLocation="http://mu.mulesoft-training.com/essentials/delta?wsdl" service="TicketServiceService" port="TicketServicePort" serviceAddress="http://mu.mulesoft-training.com/essentials/delta" doc:name="Web Service Consumer"/>

  <smtp:gmail-connector name="Gmail" validateConnections="true" doc:name="Gmail"/>

  <http:request-config name="HTTP_Request_Configuration" host="${united.host}" port="${united.port}" doc:name="HTTP Request Configuration"/>

  <db:mysql-config name="MySQL_Configuration" host="${db.host}" port="${db.port}" user="${db.user}" password="${db.password}" database="integration" doc:name="MySQL Configuration"/>

  <db:template-query name="AuditLog" doc:name="Template Query">
        <db:dynamic-query><![CDATA[insert into AUDIT_LOG (UniqueId,SourceApp) values('#[flowVars.uniqueid]','#[flowVars.source]')]]></db:dynamic-query>
  </db:template-query>
   
  
   
   
    <configuration defaultExceptionStrategy-ref="ApplicationlExecption" doc:name="Configuration">
        <http:config useTransportForUris="false"/>
    </configuration>
  
  
    <context:property-placeholder location="restapi-${env}.properties"/>


 <catch-exception-strategy  name="GlobalExecptionStrtergy">
            <set-payload value="{
&quot;message&quot;:&quot;unable to process your request due to tareget sytem down&quot;
}" mimeType="application/json" doc:name="Set Payload"/>
        </catch-exception-strategy>

 <catch-exception-strategy  name="ApplicationlExecption">
            <set-payload value="{ &quot;message&quot;:&quot;Please contact support team&quot; }" mimeType="application/json" doc:name="Set Payload"/>
        </catch-exception-strategy>



</mule>
