<?xml version="1.0" encoding="UTF-8"?>

<mule xmlns:dw="http://www.mulesoft.org/schema/mule/ee/dw" xmlns:ws="http://www.mulesoft.org/schema/mule/ws" xmlns:metadata="http://www.mulesoft.org/schema/mule/metadata" xmlns="http://www.mulesoft.org/schema/mule/core" xmlns:doc="http://www.mulesoft.org/schema/mule/documentation"
	xmlns:spring="http://www.springframework.org/schema/beans" 
	xmlns:xsi="http://www.w3.org/2001/XMLSchema-instance"
	xsi:schemaLocation="http://www.springframework.org/schema/beans http://www.springframework.org/schema/beans/spring-beans-current.xsd
http://www.mulesoft.org/schema/mule/core http://www.mulesoft.org/schema/mule/core/current/mule.xsd
http://www.mulesoft.org/schema/mule/ws http://www.mulesoft.org/schema/mule/ws/current/mule-ws.xsd
http://www.mulesoft.org/schema/mule/ee/dw http://www.mulesoft.org/schema/mule/ee/dw/current/dw.xsd">
    <flow name="listalldeltaflightsFlow">
        <logger message="listalldeltaflightsFlow starts.........." level="INFO" doc:name="Logger"/>
        <ws:consumer config-ref="Web_Service_Consumer" operation="listAllFlights" doc:name="Web Service Consumer"/>
        <dw:transform-message doc:name="Transform Message" metadata:id="929bfae4-05dc-4599-9f45-dbc84edde70a">
            <dw:set-payload><![CDATA[%dw 1.0
%output application/json
%namespace ns0 http://soap.training.mulesoft.com/
---
{
	flights: payload.ns0#listAllFlightsResponse.*return map ((return , indexOfReturn) -> {
		code: return.code,
		price: return.price,
		origin: return.origin,
		destination: return.destination,
		planeType: return.planeType,
		airlineName: return.airlineName
	})
}]]></dw:set-payload>
        </dw:transform-message>
        <logger message="resonse from detla airlines........... #[message.payloadAs(java.lang.String)]" level="INFO" doc:name="Logger"/>
    </flow>
</mule>
